[{
  "_id": {
    "$oid": "636641d4e601d91863ab9070"
  },
  "userId": {
    "$oid": "62e0ebaa99862cd267608b43"
  },
  "productId": {
    "$oid": "635cea969d72d91dbcb4507f"
  },
  "phoneNumber": "0358631412",
  "paid": 0,
  "status": false,
  "createdAt": {
    "$date": {
      "$numberLong": "1667645908931"
    }
  },
  "updatedAt": {
    "$date": {
      "$numberLong": "1667645908931"
    }
  },
  "__v": 0,
  "amount": 10000
},{
  "_id": {
    "$oid": "636651cd7e94c0115cc4306e"
  },
  "userId": {
    "$oid": "62e0ebaa99862cd267608b43"
  },
  "productId": {
    "$oid": "635cea969d72d91dbcb4507f"
  },
  "phoneNumber": "0358631412",
  "paid": 0,
  "status": false,
  "createdAt": {
    "$date": {
      "$numberLong": "1667649997928"
    }
  },
  "updatedAt": {
    "$date": {
      "$numberLong": "1667649997928"
    }
  },
  "__v": 0,
  "amount": 10000
},{
  "_id": {
    "$oid": "6366530d7e94c0115cc43093"
  },
  "userId": {
    "$oid": "62e0ebaa99862cd267608b43"
  },
  "productId": {
    "$oid": "635cea969d72d91dbcb4507f"
  },
  "phoneNumber": "0358631412",
  "paid": 0,
  "status": false,
  "createdAt": {
    "$date": {
      "$numberLong": "1667650317626"
    }
  },
  "updatedAt": {
    "$date": {
      "$numberLong": "1667650317626"
    }
  },
  "__v": 0,
  "amount": 20000
},{
  "_id": {
    "$oid": "63666863de30a011e156b513"
  },
  "userId": {
    "$oid": "62e0ebaa99862cd267608b43"
  },
  "productId": {
    "$oid": "635cea969d72d91dbcb4507f"
  },
  "phoneNumber": "0358631412",
  "paid": 0,
  "status": false,
  "createdAt": {
    "$date": {
      "$numberLong": "1667655779165"
    }
  },
  "updatedAt": {
    "$date": {
      "$numberLong": "1667655779165"
    }
  },
  "__v": 0,
  "amount": 10000
},{
  "_id": {
    "$oid": "63667fa74368acdadd0b6516"
  },
  "userId": {
    "$oid": "62e0ebaa99862cd267608b43"
  },
  "productId": {
    "$oid": "635cea969d72d91dbcb4507f"
  },
  "phoneNumber": "0358631412",
  "amount": 30000,
  "paid": 0,
  "status": false,
  "createdAt": {
    "$date": {
      "$numberLong": "1667661735161"
    }
  },
  "updatedAt": {
    "$date": {
      "$numberLong": "1667661735161"
    }
  },
  "__v": 0
},{
  "_id": {
    "$oid": "63667fb84368acdadd0b651a"
  },
  "userId": {
    "$oid": "62e0ebaa99862cd267608b43"
  },
  "productId": {
    "$oid": "635cec799d72d91dbcb4509c"
  },
  "phoneNumber": "0358631412",
  "amount": 105000,
  "paid": 0,
  "status": false,
  "createdAt": {
    "$date": {
      "$numberLong": "1667661752511"
    }
  },
  "updatedAt": {
    "$date": {
      "$numberLong": "1667661752511"
    }
  },
  "__v": 0
}]